name,prefecture,address,business_hours,closed_days,latitude,longitude,source_url,open_min,close_min,hours_note,closed_rule,needs_review,hours_source_url,hours_raw_text,hours_verified,llm_confidence,llm_note
いとだ,福岡県,福岡県糸田町162-4,9:00～18:00,1月1日・2日,33.64214,130.76467,https://ja.wikipedia.org/wiki/%E9%81%93%E3%81%AE%E9%A7%85%E3%81%84%E3%81%A8%E3%81%A0,540,1080,9:00 - 18:00（農産物直売所） / 10:00 - 18:00（飲食コーナー)店舗により異なる,,0,https://www.michi-no-eki.jp/stations/views/19710,9:00～18:00,0,1.0,通常の営業時間
うきは,福岡県,福岡県うきは市浮羽町山北729番地2[https://lg.joureikun.jp/ukiha_city/reiki/act/frame/frame110000358.htm うきは市総合交流ターミナル条例],9:00～17:00,毎月第2火曜日（祝祭日の場合は翌日）,33.33422,130.81825,https://ja.wikipedia.org/wiki/%E9%81%93%E3%81%AE%E9%A7%85%E3%81%86%E3%81%8D%E3%81%AF,540,1020,,,0,https://www.michi-no-eki.jp/stations/views/19699,9:00～17:00,0,1.0,標準の営業時間
うすい,福岡県,福岡県嘉麻市上臼井328番地1,9:00～18:30,毎月第2火曜日（祝祭日の場合は翌日）...,33.564,130.71325,https://ja.wikipedia.org/wiki/%E9%81%93%E3%81%AE%E9%A7%85%E3%81%86%E3%81%99%E3%81%84,540,1110,,,1,https://www.michi-no-eki.jp/stations/views/19702,9:00～18:30,0,1.0,通常の営業時間
おおき,福岡県,福岡県大木町大字横溝1331番地1,9:00～18:00,偶数月の第1水曜日（祝日の場合は翌日）、12月31日～1月3日,33.21811,130.43794,https://ja.wikipedia.org/wiki/%E9%81%93%E3%81%AE%E9%A7%85%E3%81%8A%E3%81%8A%E3%81%8D,540,1080,9:30 - 18:00（10月 - 3月） / 9:30 - 18:30（4月 - 9月）,,0,https://www.michi-no-eki.jp/stations/views/19707,9:00～18:00,0,0.95,記載なし
おおとう桜街道,福岡県,福岡県大任町大字今任原1339,9:00～18:30,不定休,33.6255,130.84586,https://ja.wikipedia.org/wiki/%E9%81%93%E3%81%AE%E9%A7%85%E3%81%8A%E3%81%8A%E3%81%A8%E3%81%86%E6%A1%9C%E8%A1%97%E9%81%93,540,1110,,,1,https://www.michi-no-eki.jp/stations/views/19708,9:00～18:30,0,0.95,営業時間情報のみ。
おおむた,福岡県,福岡県大牟田市四箇新町2-1,10:00～18:00,第3水曜日,33.07325,130.53219,https://ja.wikipedia.org/wiki/%E9%81%93%E3%81%AE%E9%A7%85%E3%81%8A%E3%81%8A%E3%82%80%E3%81%9F,600,1080,,,0,https://www.michi-no-eki.jp/stations/views/19700,10:00～18:00,0,1.0,4月の営業時間。
くるめ,福岡県,福岡県久留米市善導寺町木塚221番地33[http://www1.city.kurume.fukuoka.jp/reiki_int/reiki_honbun/q005RG00001066.html 久留米市複合アグリビジネス拠点施設条例],09:00～18:00,毎月第３水曜日,33.31906,130.59425,https://ja.wikipedia.org/wiki/%E9%81%93%E3%81%AE%E9%A7%85%E3%81%8F%E3%82%8B%E3%82%81,540,1080,9:00 - 18:00 / （農産物直売館）,,0,https://www.michi-no-eki.jp/stations/views/19705,09:00～18:00,0,1.0,通常の営業時間
しんよしとみ,福岡県,福岡県上毛町大字大ノ瀬304-1,8:00～18:00,は変更となる場合がございますので、ご来店前に店舗にご確認ください。,33.58883,131.15433,https://ja.wikipedia.org/wiki/%E9%81%93%E3%81%AE%E9%A7%85%E3%81%97%E3%82%93%E3%82%88%E3%81%97%E3%81%A8%E3%81%BF,480,1080,8:00 - 18:00 / 8:00 - 19:00（6 - 8月）,,1,https://www.michi-no-eki.jp/stations/views/19698,8:00～18:00,0,0.95,通常の営業時間。
たちばな,福岡県,福岡県八女市立花町下辺春315番地1,9:00～18:00,第2水曜,33.18761,130.61039,https://ja.wikipedia.org/wiki/%E9%81%93%E3%81%AE%E9%A7%85%E3%81%9F%E3%81%A1%E3%81%B0%E3%81%AA,540,1080,,,0,https://www.michi-no-eki.jp/stations/views/19701,9:00～18:00,0,0.9,4月の通常営業時間
みやま,福岡県,福岡県みやま市瀬高町大江2328,9:00～18:00 （不定休）,1月1日～4日のみ,33.14728,130.48403,https://ja.wikipedia.org/wiki/%E9%81%93%E3%81%AE%E9%A7%85%E3%81%BF%E3%82%84%E3%81%BE,540,1080,9:00 ~ 18:00,,1,https://www.michi-no-eki.jp/stations/views/19709,9:00～18:00 （不定休）,0,0.9,不定休
むなかた,福岡県,福岡県宗像市江口1172,9:00～17:00,のご案内,33.84844,130.50344,https://ja.wikipedia.org/wiki/%E9%81%93%E3%81%AE%E9%A7%85%E3%82%80%E3%81%AA%E3%81%8B%E3%81%9F,540,1020,,,1,https://www.michi-no-eki.jp/stations/views/19704,9:00～17:00,0,0.9,通常の営業時間
原鶴,福岡県,福岡県朝倉市杷木久喜宮1663-1,9:00～18:00,年末年始,33.35383,130.78517,https://ja.wikipedia.org/wiki/%E9%81%93%E3%81%AE%E9%A7%85%E5%8E%9F%E9%B6%B4,540,1080,,,0,https://www.michi-no-eki.jp/stations/views/19695,9:00～18:00,0,0.9,4月の営業時間。
小石原,福岡県,福岡県東峰村大字小石原941番地3,9:00～18:00,年末年始,33.46517,130.82572,https://ja.wikipedia.org/wiki/%E9%81%93%E3%81%AE%E9%A7%85%E5%B0%8F%E7%9F%B3%E5%8E%9F,540,1080,9:00 - 18:00（4 - 10月、平日） / 9:00 - 19:00（4 - 10月、土日祝） / 9:00 - 17:00（11 - 3月）,,0,https://www.michi-no-eki.jp/stations/views/19697,9:00～18:00,0,0.95,4月の営業時間が明示的に記載。
歓遊舎ひこさん,福岡県,福岡県添田町大字野田1113番1,9:00～18:00,不定休,33.5495,130.86011,https://ja.wikipedia.org/wiki/%E9%81%93%E3%81%AE%E9%A7%85%E6%AD%93%E9%81%8A%E8%88%8E%E3%81%B2%E3%81%93%E3%81%95%E3%82%93,540,1080,,,1,https://www.michi-no-eki.jp/stations/views/19703,9:00～18:00,0,1.0,通常営業
筑前みなみの里,福岡県,福岡県筑前町三並866,|郵便番号 = 838-0205,第3水曜日（祝日の場合は翌日）. 駐車場: 小型205台、大型4台、身障者用4台. バリアフリー.,33.46706,130.62456,https://ja.wikipedia.org/wiki/%E9%81%93%E3%81%AE%E9%A7%85%E7%AD%91%E5%89%8D%E3%81%BF%E3%81%AA%E3%81%BF%E3%81%AE%E9%87%8C,,,|郵便番号 = 838-0205,weekly:Wed|nth_weekday:3:Wed,1,,,,,
豊前おこしかけ,福岡県,福岡県豊前市大字四郎丸1041-1,8:00～19:00（11～3月は8:00～18:00）,なし; URL ...,33.61411,131.10094,https://ja.wikipedia.org/wiki/%E9%81%93%E3%81%AE%E9%A7%85%E8%B1%8A%E5%89%8D%E3%81%8A%E3%81%93%E3%81%97%E3%81%8B%E3%81%91,480,1140,8:00 - 19:00（4 - 10月） / 8:00 - 18:00（11 - 3月）,,1,https://www.michi-no-eki.jp/stations/views/19696,8:00～19:00（11～3月は8:00～18:00）,0,0.9,11月～3月は18:00まで。
香春,福岡県,福岡県香春町大字鏡山1870番地1,9:00～18:00,第3水曜日および1月1日～3日（3日間）,33.67653,130.85983,https://ja.wikipedia.org/wiki/%E9%81%93%E3%81%AE%E9%A7%85%E9%A6%99%E6%98%A5,540,1080,,,0,https://www.michi-no-eki.jp/stations/views/19706,9:00～18:00,0,1.0,None
うれしの まるく,佐賀県,佐賀県嬉野市嬉野町大字下宿甲4370-2,9:00 - 19:00,・営業時間,33.1066964,129.9971175,https://ja.wikipedia.org/wiki/%E9%81%93%E3%81%AE%E9%A7%85%E3%81%86%E3%82%8C%E3%81%97%E3%81%AE_%E3%81%BE%E3%82%8B%E3%81%8F,540,1140,,,1,,,,,
かみみね,佐賀県,佐賀県三養基郡 上峰町大字坊所1550-3,9：00 - 18：00,毎月第2水曜日、年末年始（12月31日から1 ...,33.33408,130.41722,https://ja.wikipedia.org/wiki/%E9%81%93%E3%81%AE%E9%A7%85%E3%81%8B%E3%81%BF%E3%81%BF%E3%81%AD,540,1080,,year_end_new_year|weekly:Wed|nth_weekday:2:Wed|date:12-31,1,,,,,
しろいし,佐賀県,佐賀県杵島郡白石町大字福富下分306-4,9:00 - 18:00,毎月第3水曜日/年末年始,33.17694,130.19606,https://ja.wikipedia.org/wiki/%E9%81%93%E3%81%AE%E9%A7%85%E3%81%97%E3%82%8D%E3%81%84%E3%81%97,540,1080,,year_end_new_year|weekly:Wed|nth_weekday:3:Wed,0,,,,,
伊万里,佐賀県,佐賀県伊万里市南波多町井手野2754番地9,8:00～18:00,特産館：1/1から1/3、ただし施設メンテナンス、職員研修で不定休あり,33.31358,129.92911,https://ja.wikipedia.org/wiki/%E9%81%93%E3%81%AE%E9%A7%85%E4%BC%8A%E4%B8%87%E9%87%8C,480,1080,,,1,https://www.michi-no-eki.jp/stations/views/19713,8:00～18:00,0,1.0,営業時間情報のみ記載
厳木,佐賀県,佐賀県唐津市厳木町牧瀬692-1,8:00～18:00,1月1～2日,33.31114,130.07189,https://ja.wikipedia.org/wiki/%E9%81%93%E3%81%AE%E9%A7%85%E5%8E%B3%E6%9C%A8,480,1080,,,1,https://www.michi-no-eki.jp/stations/views/19712,8:00～18:00,0,1.0,営業時間情報のみ記載
吉野ヶ里,佐賀県,佐賀県吉野ヶ里町松隈1710-11,9:00～18:00,第3水曜,33.3805,130.39733,https://ja.wikipedia.org/wiki/%E9%81%93%E3%81%AE%E9%A7%85%E5%90%89%E9%87%8E%E3%83%B6%E9%87%8C,540,1080,,,0,https://www.michi-no-eki.jp/stations/views/19717,9:00～18:00,0,1.0,通常の営業時間
大和,佐賀県,佐賀県佐賀市大和町梅野805番地,9:00～18:00,1月1日から1月3日 · 所在地: 〒840-0203 佐賀市大和町大字梅野805 · 駐車場: あり 56台（大型8台・小型46台・身障者用2台） · アクセス: 車：長崎 ...,33.339,130.25786,https://ja.wikipedia.org/wiki/%E9%81%93%E3%81%AE%E9%A7%85%E5%A4%A7%E5%92%8C,540,1080,,,0,https://www.michi-no-eki.jp/stations/views/19716,9:00～18:00,0,0.9,一般的な営業時間
太良,佐賀県,佐賀県太良町大字伊福甲3488-2,9:00～18:00,1月1日,33.04722,130.16942,https://ja.wikipedia.org/wiki/%E9%81%93%E3%81%AE%E9%A7%85%E5%A4%AA%E8%89%AF,540,1080,,,0,https://www.michi-no-eki.jp/stations/views/19718,9:00～18:00,0,0.9,通常営業時間
山内,佐賀県,佐賀県武雄市山内町大字三間坂甲14697-2,8:30～18:00,年末年始のみ（12月31日から1月3日） ; 所在地: 〒849-2303 佐賀県武雄市山内町三間坂大字三間坂甲14697-2 ; 駐車場: 普通自動車：58台 ...,33.19178,129.95617,https://ja.wikipedia.org/wiki/%E9%81%93%E3%81%AE%E9%A7%85%E5%B1%B1%E5%86%85,510,1080,,,0,https://www.michi-no-eki.jp/stations/views/19715,8:30～18:00,0,1.0,通常の営業時間。
桃山天下市,佐賀県,佐賀県唐津市鎮西町名護屋1859,9:00～18:00,毎週火曜日営業時間 ...,33.52878,129.87322,https://ja.wikipedia.org/wiki/%E9%81%93%E3%81%AE%E9%A7%85%E6%A1%83%E5%B1%B1%E5%A4%A9%E4%B8%8B%E5%B8%82,540,1080,,,1,https://www.michi-no-eki.jp/stations/views/19714,9:00～18:00,0,0.95,通常の営業時間。
鹿島,佐賀県,佐賀県鹿島市大字音成甲4427-6,9:00～18:00,要問合せ（干潟体験期間4月下旬～10月末） · 所在地: 〒849-1323 佐賀県鹿島市音成甲4427−6 · 料金: 干潟体験に関する料金は、関連リンク ...,33.07492,130.14575,https://ja.wikipedia.org/wiki/%E9%81%93%E3%81%AE%E9%A7%85%E9%B9%BF%E5%B3%B6,540,1080,9:00 ~ 18:00,,1,https://www.michi-no-eki.jp/stations/views/19711,9:00～18:00,0,1.0,4月は9:00～18:00営業
251いいもりじゃがーロード,長崎県,長崎県諫早市飯盛町上原1376,道の駅事務室　8:30～17:00　　　　　　　　　　　　　　　　　　　　　　　　直売所　　　　8:00～17:00,年末年始,,,https://ja.wikipedia.org/wiki/%E9%81%93%E3%81%AE%E9%A7%85251%E3%81%84%E3%81%84%E3%82%82%E3%82%8A%E3%81%98%E3%82%83%E3%81%8C%E3%83%BC%E3%83%AD%E3%83%BC%E3%83%89,480,1020,|郵便番号 = 854-1104,,1,https://www.michi-no-eki.jp/stations/views/22689,道の駅事務室　8:30～17:00　　　　　　　　　　　　　　　　　　　　　　　　直売所　　　　8:00～17:00,0,0.95,事務室と直売所の営業時間をまとめて解釈。直売所の方が早い時間で開店。
さいかい,長崎県,長崎県西海市西海町木場郷488-1,9:00～18:00（4月～9月）、9:00～17:00（10月～3月）　＜休　12/31～1/1＞,12月31日、1月1日 ...,33.043,129.69569,https://ja.wikipedia.org/wiki/%E9%81%93%E3%81%AE%E9%A7%85%E3%81%95%E3%81%84%E3%81%8B%E3%81%84,540,1080,9:00 - 18:00（4 - 9月） / 9:00 - 17:00（10 - 3月）,12/31-01/01,1,https://www.michi-no-eki.jp/stations/views/19723,9:00～18:00（4月～9月）、9:00～17:00（10月～3月）　＜休　12/31～1/1＞,0,0.95,4月～9月は18時閉鎖。10月～3月は17時閉鎖。
させぼっくす 99,長崎県,長崎県佐世保市愛宕町11番地,10:00～18：00,,33.20172,129.67183,https://ja.wikipedia.org/wiki/%E9%81%93%E3%81%AE%E9%A7%85%E3%81%95%E3%81%9B%E3%81%BC%E3%81%A3%E3%81%8F%E3%81%99_99,600,1080,|都道府県名=長崎県,,1,https://www.michi-no-eki.jp/stations/views/19857,10:00～18：00,0,0.95,標準的な営業時間
ひまわり,長崎県,長崎県南島原市深江町丁6077,9:00～17:00,は変更となる場合がございますので、ご来店前に店舗にご確認ください。,32.7395,130.36767,https://ja.wikipedia.org/wiki/%E9%81%93%E3%81%AE%E9%A7%85%E3%81%B2%E3%81%BE%E3%82%8F%E3%82%8A,540,1020,,,1,https://www.michi-no-eki.jp/stations/views/19720,9:00～17:00,0,1.0,通常の営業時間
夕陽が丘そとめ,長崎県,長崎県長崎市東出津町149番地2,9:00～18:00（施設により異なる）,に伴う、サンドイッチ販売のお休みについて,32.83589,129.70372,https://ja.wikipedia.org/wiki/%E9%81%93%E3%81%AE%E9%A7%85%E5%A4%95%E9%99%BD%E3%81%8C%E4%B8%98%E3%81%9D%E3%81%A8%E3%82%81,540,1080,8:30 - 18:00（店舗・売店）,,1,https://www.michi-no-eki.jp/stations/views/19724,9:00～18:00（施設により異なる）,0,0.8,施設により異なる
彼杵の荘,長崎県,長崎県東彼杵町彼杵宿郷747-2,08:00～17:30（施設により異なる）＜休1/1～1/3、12/31＞　　　　　　　　　　　　　物産　08:00～17:30　（野菜、弁当、お茶、くじら、土産品）　　　　　　　　食堂　11:00～14:00　（田舎うどん、くじらだご汁、くじら釜めし）　　　　　屋台　09:00～16:00　（茶ちゃ焼、ソフトクリーム、水出しそのぎ茶）,１月１日～１月３日,33.03583,129.91994,https://ja.wikipedia.org/wiki/%E9%81%93%E3%81%AE%E9%A7%85%E5%BD%BC%E6%9D%B5%E3%81%AE%E8%8D%98,480,1050,7:00 - 19:00（店舗・売店）,"1/1～1/3, 12/31",0,https://www.michi-no-eki.jp/stations/views/19722,08:00～17:30（施設により異なる）＜休1/1～1/3、12/31＞　　　　　　　　　　　　　物産　08:00～17:30　（野菜、弁当、お茶、くじら、土産品）　　　　　　　　食堂　11:00～14:00　（田舎うどん、くじらだご汁、くじら釜めし）　　　　　屋台　09:00～16:00　（茶ちゃ焼、ソフトクリーム、水出しそのぎ茶）,0,0.9,施設によって営業時間が異なる。物産品販売、食堂、屋台それぞれ異なる営業時間。
昆虫の里たびら,長崎県,長崎県平戸市田平町深月免521番地,9:00～19:00　＜休　12/31～1/2＞,12月31日～1月3日,33.3175,129.6031,https://ja.wikipedia.org/wiki/%E9%81%93%E3%81%AE%E9%A7%85%E6%98%86%E8%99%AB%E3%81%AE%E9%87%8C%E3%81%9F%E3%81%B3%E3%82%89,540,1140,,12/31～1/2,0,https://www.michi-no-eki.jp/stations/views/19721,9:00～19:00　＜休　12/31～1/2＞,0,0.95,4月は9:00～19:00。
松浦海のふるさと館,長崎県,長崎県松浦市志佐町庄野免226-30,8:30～19:00（施設により異なる）,無休 ; 公式サイト. http://www.umihuru.com/ ; 問い合わせ. 電話：0120-062-004.,33.34864,129.70161,https://ja.wikipedia.org/wiki/%E9%81%93%E3%81%AE%E9%A7%85%E6%9D%BE%E6%B5%A6%E6%B5%B7%E3%81%AE%E3%81%B5%E3%82%8B%E3%81%95%E3%81%A8%E9%A4%A8,510,1140,,,0,https://www.michi-no-eki.jp/stations/views/19725,8:30～19:00（施設により異なる）,0,0.8,施設により異なる
生月大橋,長崎県,長崎県平戸市生月町南免4375-1,8:30～17:30（8月は8:30～18:00）,年末年始12/31～1/1. 駐車場: 普通車49台、大型車4台、身障者用2台. バリアフリー.,33.35517,129.43356,https://ja.wikipedia.org/wiki/%E9%81%93%E3%81%AE%E9%A7%85%E7%94%9F%E6%9C%88%E5%A4%A7%E6%A9%8B,510,1050,,,0,https://www.michi-no-eki.jp/stations/views/19719,8:30～17:30（8月は8:30～18:00）,0,0.9,8月は18:00まで営業。
遣唐使ふるさと館,長崎県,長崎県五島市三井楽町浜ノ畔3150-1,9:00～18:00,は原則として年末年始・お盆休み・ゴールデンウィーク・臨時休業を省略しています。,32.73825,128.69031,https://ja.wikipedia.org/wiki/%E9%81%93%E3%81%AE%E9%A7%85%E9%81%A3%E5%94%90%E4%BD%BF%E3%81%B5%E3%82%8B%E3%81%95%E3%81%A8%E9%A4%A8,540,1080,,,1,https://www.michi-no-eki.jp/stations/views/19726,9:00～18:00,0,1.0,営業時間情報のみ。
長崎街道鈴田峠,長崎県,長崎県大村市中里町452番地22,9:00～18:00 （施設により異なる）,駐車場,32.88547,130.00733,https://ja.wikipedia.org/wiki/%E9%81%93%E3%81%AE%E9%A7%85%E9%95%B7%E5%B4%8E%E8%A1%97%E9%81%93%E9%88%B4%E7%94%B0%E5%B3%A0,540,1080,,,1,https://www.michi-no-eki.jp/stations/views/19858,9:00～18:00 （施設により異なる）,0,0.8,施設により異なる
鷹ら島,長崎県,長崎県松浦市鷹島町神崎免1636番地,8:30～18:30（10月～2月は8:30～18:00）,は原則として年末年始・お盆休み・ゴールデンウィーク・臨時休業を省略しています。,33.43383,129.78244,https://ja.wikipedia.org/wiki/%E9%81%93%E3%81%AE%E9%A7%85%E9%B7%B9%E3%82%89%E5%B3%B6,510,1110,,,1,https://www.michi-no-eki.jp/stations/views/19727,8:30～18:30（10月～2月は8:30～18:00）,0,0.9,10月～2月は18:00まで
あそ望の郷くぎの,熊本県,熊本県,09:00～17:00 ※季節変動あり　※店舗ごとに異なります,不定休,,,https://ja.wikipedia.org/wiki/%E9%81%93%E3%81%AE%E9%A7%85%E3%81%82%E3%81%9D%E6%9C%9B%E3%81%AE%E9%83%B7%E3%81%8F%E3%81%8E%E3%81%AE,,,09:00~17:00 ※季節変動あり ※店舗ごとに異なります,,1,,,,,
うき,熊本県,熊本県宇城市松橋町久具757-3,9:00 - 18:00,1月1日・1月2日・1月3日,32.65119,130.69769,https://ja.wikipedia.org/wiki/%E9%81%93%E3%81%AE%E9%A7%85%E3%81%86%E3%81%8D,540,1080,,date:01-01|date:01-02|date:01-03,0,,,,,
うしぶか海彩館,熊本県,熊本県天草市牛深町2286番地116,8:30～21:00（施設により異なる）,2025年6月より休館日無しで毎日営業しております,32.19408,130.02717,https://ja.wikipedia.org/wiki/%E9%81%93%E3%81%AE%E9%A7%85%E3%81%86%E3%81%97%E3%81%B6%E3%81%8B%E6%B5%B7%E5%BD%A9%E9%A4%A8,510,1260,|都道府県名=熊本県,,1,https://www.michi-no-eki.jp/stations/views/19838,8:30～21:00（施設により異なる）,0,0.9,施設により異なる
きくすい,熊本県,熊本県和水町江田455,9:00～20:00,年末年始（12/31～1/3）,32.97336,130.60225,https://ja.wikipedia.org/wiki/%E9%81%93%E3%81%AE%E9%A7%85%E3%81%8D%E3%81%8F%E3%81%99%E3%81%84,540,1200,,,0,https://www.michi-no-eki.jp/stations/views/19738,9:00～20:00,0,1.0,通常営業時間
すいかの里 植木,熊本県,熊本県熊本市北区植木町岩野160番地1,9:00 - 18:30,毎月第3木曜日、1/1～1/3. 道の駅 ...,32.90797,130.69319,https://ja.wikipedia.org/wiki/%E9%81%93%E3%81%AE%E9%A7%85%E3%81%99%E3%81%84%E3%81%8B%E3%81%AE%E9%87%8C_%E6%A4%8D%E6%9C%A8,540,1110,,weekly:Thu|nth_weekday:3:Thu|date_range:01-01:01-03,0,,,,,
そよ風パーク,熊本県,熊本県,9:00～17:00(定休日:水曜日),年中無休,,,https://ja.wikipedia.org/wiki/%E9%81%93%E3%81%AE%E9%A7%85%E3%81%9D%E3%82%88%E9%A2%A8%E3%83%91%E3%83%BC%E3%82%AF,540,1020,電話番号 ・ 営業時間,Wednesday,1,https://www.michi-no-eki.jp/stations/views/19749,9:00～17:00(定休日:水曜日),0,0.95,Standard weekday hours with a Wednesday closure.
たのうら,熊本県,熊本県芦北町大字田浦657番地,9:00～19:00,第2水曜,32.36458,130.51261,https://ja.wikipedia.org/wiki/%E9%81%93%E3%81%AE%E9%A7%85%E3%81%9F%E3%81%AE%E3%81%86%E3%82%89,540,1140,9:00 - 19:00（4 - 11月） / 9:00 - 18:00（12 - 3月）,,0,https://www.michi-no-eki.jp/stations/views/19743,9:00～19:00,0,1.0,一般的な営業時間。
みなまた,熊本県,熊本県水俣市月浦54-162,9:00～17:00,毎月第1水曜日、12月31日. □カフェ（ ...,32.19919,130.38161,https://ja.wikipedia.org/wiki/%E9%81%93%E3%81%AE%E9%A7%85%E3%81%BF%E3%81%AA%E3%81%BE%E3%81%9F,540,1020,,,0,https://www.michi-no-eki.jp/stations/views/19747,9:00～17:00,0,1.0,通常の営業時間
ウェルネスあらお,熊本県,熊本県荒尾市大島1437番地南新地地区12街区1画地,|郵便番号 = 864-0057,,,,https://ja.wikipedia.org/wiki/%E9%81%93%E3%81%AE%E9%A7%85%E3%82%A6%E3%82%A7%E3%83%AB%E3%83%8D%E3%82%B9%E3%81%82%E3%82%89%E3%81%8A,,,|郵便番号 = 864-0057,,1,,,,,
七城メロンドーム,熊本県,熊本県菊池市七城町岡田306,9:00～18:00,年中無休,32.98044,130.77036,https://ja.wikipedia.org/wiki/%E9%81%93%E3%81%AE%E9%A7%85%E4%B8%83%E5%9F%8E%E3%83%A1%E3%83%AD%E3%83%B3%E3%83%89%E3%83%BC%E3%83%A0,540,1080,,,0,https://www.michi-no-eki.jp/stations/views/19736,9:00～18:00,0,0.9,4月営業時間
上天草さんぱーる,熊本県,熊本県上天草市大矢野町中11582番地,8:00～18:00,は3月11日(水)です。,32.57719,130.42006,https://ja.wikipedia.org/wiki/%E9%81%93%E3%81%AE%E9%A7%85%E4%B8%8A%E5%A4%A9%E8%8D%89%E3%81%95%E3%82%93%E3%81%B1%E3%83%BC%E3%82%8B,480,1080,,,0,https://www.michi-no-eki.jp/stations/views/19837,8:00～18:00,0,1.0,通常の営業時間。
不知火,熊本県,熊本県宇城市不知火町永尾1910-1,物産館　9:00～17:00　　　　レストラン　11:00〜15:30,毎週水・木曜日,32.63378,130.62906,https://ja.wikipedia.org/wiki/%E9%81%93%E3%81%AE%E9%A7%85%E4%B8%8D%E7%9F%A5%E7%81%AB,540,1020,,,0,https://www.michi-no-eki.jp/stations/views/19733,物産館　9:00～17:00　　　　レストラン　11:00〜15:30,0,0.9,物産館の営業時間。レストランは11:00～15:30
人吉,熊本県,熊本県人吉市赤池原町字牛渡瀬1425-1,9:00〜17:00,年末年始,32.19314,130.78928,https://ja.wikipedia.org/wiki/%E9%81%93%E3%81%AE%E9%A7%85%E4%BA%BA%E5%90%89,540,1020,,,0,https://www.michi-no-eki.jp/stations/views/19933,9:00〜17:00,0,1.0,4月の通常営業時間。
坂本,熊本県,熊本県八代市坂本町荒瀬1239-1,10:00～18:00,"毎週木曜日 ※祝日は営業します) 閉館休業中. 駐車台数, 83 ... 田楽やサラダに！ アクセス. 道の駅 坂本 〒869-6115 熊本県八代市坂本町荒瀬1239-1.",32.42669,130.64094,https://ja.wikipedia.org/wiki/%E9%81%93%E3%81%AE%E9%A7%85%E5%9D%82%E6%9C%AC,600,1080,,,1,https://www.michi-no-eki.jp/stations/views/19732,10:00～18:00,0,1.0,標準の営業時間
大津,熊本県,熊本県大津町大字引水759,9:00～18:00,は原則として年末年始・お盆休み・ゴールデンウィーク・臨時休業を省略しています。,32.88086,130.89114,https://ja.wikipedia.org/wiki/%E9%81%93%E3%81%AE%E9%A7%85%E5%A4%A7%E6%B4%A5,540,1080,,,1,https://www.michi-no-eki.jp/stations/views/19731,9:00～18:00,0,1.0,通常の営業時間
大野温泉,熊本県,熊本県,9:00～20:00,（祝日の場合は翌日）,,,https://ja.wikipedia.org/wiki/%E9%81%93%E3%81%AE%E9%A7%85%E5%A4%A7%E9%87%8E%E6%B8%A9%E6%B3%89,540,1200,・料金情報 - じゃらんnet,,1,https://www.michi-no-eki.jp/stations/views/19750,9:00～20:00,0,1.0,None
天草市イルカセンター,熊本県,熊本県天草市五和町二江4689-20,9:00～18:00,のお知らせ】,32.54558,130.13053,https://ja.wikipedia.org/wiki/%E9%81%93%E3%81%AE%E9%A7%85%E5%A4%A9%E8%8D%89%E5%B8%82%E3%82%A4%E3%83%AB%E3%82%AB%E3%82%BB%E3%83%B3%E3%82%BF%E3%83%BC,540,1080,,,1,https://www.michi-no-eki.jp/stations/views/19932,9:00～18:00,0,1.0,通常の営業時間。
子守唄の里五木,熊本県,熊本県五木村甲字下手2672番地の54,8:00 - 18:00,温泉は火曜、道の駅は12～3月の第3火曜,32.39881,130.82689,https://ja.wikipedia.org/wiki/%E9%81%93%E3%81%AE%E9%A7%85%E5%AD%90%E5%AE%88%E5%94%84%E3%81%AE%E9%87%8C%E4%BA%94%E6%9C%A8,480,1080,,weekly:Tue|nth_weekday:3:Tue,0,,,,,
宇土マリーナ,熊本県,熊本県宇土市下網田町3084番地1,11月～2月　9：00～17：00　 3月～10月　9：00～18：00 ※12月31日　9：00～15：00,1月1日. 詳しいマップをみる. リンク集 LINK. Previous Next.,32.66222,130.52253,https://ja.wikipedia.org/wiki/%E9%81%93%E3%81%AE%E9%A7%85%E5%AE%87%E5%9C%9F%E3%83%9E%E3%83%AA%E3%83%BC%E3%83%8A,540,1080,9:30 - 18:00（3月 - 11月） / 9:30 - 17:00（12月 - 2月）,December 31,0,https://www.michi-no-eki.jp/stations/views/19745,11月～2月　9：00～17：00　 3月～10月　9：00～18：00 ※12月31日　9：00～15：00,0,0.9,April corresponds to March - October timeframe. December 31 has a special early closing time.
宮地岳かかしの里,熊本県,熊本県天草市宮地岳町5516-2,おみやげ販売９：００～１８：００（冬季１７：００） 　 レストラン１１：００～１５：００（ラストオーダー１４：３０）,第１・第３水曜,32.38514,130.12636,https://ja.wikipedia.org/wiki/%E9%81%93%E3%81%AE%E9%A7%85%E5%AE%AE%E5%9C%B0%E5%B2%B3%E3%81%8B%E3%81%8B%E3%81%97%E3%81%AE%E9%87%8C,540,1080,,,0,https://www.michi-no-eki.jp/stations/views/19953,おみやげ販売９：００～１８：００（冬季１７：００） 　 レストラン１１：００～１５：００（ラストオーダー１４：３０）,0,0.8,おみやげ販売の営業時間。冬季は17:00まで。
小国,熊本県,熊本県小国町大字宮原1754-17,8:30～17:00,は無し）,33.12308,131.06472,https://ja.wikipedia.org/wiki/%E9%81%93%E3%81%AE%E9%A7%85%E5%B0%8F%E5%9B%BD,510,1020,,,1,https://www.michi-no-eki.jp/stations/views/19728,8:30～17:00,0,1.0,4月の営業時間。
崎津,熊本県,熊本県天草市河浦町崎津1117-10,|都道府県名 = 熊本県,12月30日～1月1日,32.3167,130.0256,https://ja.wikipedia.org/wiki/%E9%81%93%E3%81%AE%E9%A7%85%E5%B4%8E%E6%B4%A5,,,|都道府県名 = 熊本県,date:12-30|date:01-01,1,,,,,
旭志,熊本県,熊本県菊池市旭志川辺1886番地,9:00～18:00,12/31～1/2,32.69064,131.09136,https://ja.wikipedia.org/wiki/%E9%81%93%E3%81%AE%E9%A7%85%E6%97%AD%E5%BF%97,540,1080,,,0,https://www.michi-no-eki.jp/stations/views/19730,9:00～18:00,0,1.0,4月は9:00～18:00営業
有明,熊本県,熊本県天草市有明町上津浦1955,9:00～18:00,物産館　：年中無休,32.50556,130.30572,https://ja.wikipedia.org/wiki/%E9%81%93%E3%81%AE%E9%A7%85%E6%9C%89%E6%98%8E,540,1080,,,0,https://www.michi-no-eki.jp/stations/views/19734,9:00～18:00,0,1.0,営業時間情報のみ。
東陽,熊本県,熊本県八代市東陽町南1051-1,10:00～20:00〔施設により異なる〕,水曜日,32.54781,130.71558,https://ja.wikipedia.org/wiki/%E9%81%93%E3%81%AE%E9%A7%85%E6%9D%B1%E9%99%BD,600,1200,|郵便番号 = 869-4301,,1,https://www.michi-no-eki.jp/stations/views/19960,10:00～20:00〔施設により異なる〕,0,0.8,施設により異なる
水辺プラザかもと,熊本県,熊本県山鹿市鹿本町梶屋1257番地,9:00～21:00（施設により異なる）,のお知らせ,32.98678,130.75581,https://ja.wikipedia.org/wiki/%E9%81%93%E3%81%AE%E9%A7%85%E6%B0%B4%E8%BE%BA%E3%83%97%E3%83%A9%E3%82%B6%E3%81%8B%E3%82%82%E3%81%A8,540,1260,,,1,https://www.michi-no-eki.jp/stations/views/19859,9:00～21:00（施設により異なる）,0,0.8,施設により営業時間が異なる。
泗水,熊本県,熊本県菊池市泗水町豊水3393,9:00～18:00,は原則として年末年始・お盆休み・ゴールデンウィーク・臨時休業を省略しています。,32.92497,130.7715,https://ja.wikipedia.org/wiki/%E9%81%93%E3%81%AE%E9%A7%85%E6%B3%97%E6%B0%B4,540,1080,,,1,https://www.michi-no-eki.jp/stations/views/19737,9:00～18:00,0,0.9,通常の営業時間
波野,熊本県,熊本県阿蘇市波野小地野1602,8:30～18:30,第2水曜日（5月・8月は除く）、年始（1/1）,32.95989,131.19719,https://ja.wikipedia.org/wiki/%E9%81%93%E3%81%AE%E9%A7%85%E6%B3%A2%E9%87%8E,510,1110,,,0,https://www.michi-no-eki.jp/stations/views/19729,8:30～18:30,0,0.9,4月の営業時間。
清和文楽邑,熊本県,熊本県山都町大平152番地,9:00～17:00,/ 毎週火曜日（祝祭日は開館）,32.69064,131.09136,https://ja.wikipedia.org/wiki/%E9%81%93%E3%81%AE%E9%A7%85%E6%B8%85%E5%92%8C%E6%96%87%E6%A5%BD%E9%82%91,540,1020,,,0,https://www.michi-no-eki.jp/stations/views/19739,9:00～17:00,0,0.9,通常営業時間
秘境の郷いずみ,熊本県,熊本県八代市泉町下岳3296-1,9:00～17:00,のお知らせ,,,https://ja.wikipedia.org/wiki/%E9%81%93%E3%81%AE%E9%A7%85%E7%A7%98%E5%A2%83%E3%81%AE%E9%83%B7%E3%81%84%E3%81%9A%E3%81%BF,540,1020,|郵便番号 = 869-4403,,1,https://www.michi-no-eki.jp/stations/views/22372,9:00～17:00,0,1.0,通常の営業時間
竜北,熊本県,熊本県氷川町大野875-3,9:00～18:00,について,32.57689,130.69478,https://ja.wikipedia.org/wiki/%E9%81%93%E3%81%AE%E9%A7%85%E7%AB%9C%E5%8C%97,540,1080,,,1,https://www.michi-no-eki.jp/stations/views/19741,9:00～18:00,0,0.95,一般的な営業時間情報
美里「佐俣の湯」,熊本県,熊本県,についてお知らせいたします。,＞と＜イベント＞のお知らせ,,,https://ja.wikipedia.org/wiki/%E9%81%93%E3%81%AE%E9%A7%85%E7%BE%8E%E9%87%8C%E3%80%8C%E4%BD%90%E4%BF%A3%E3%81%AE%E6%B9%AF%E3%80%8D,,,についてお知らせいたします。,,1,,,,,
芦北でこぽん,熊本県,熊本県芦北町大字佐敷443番地,9:00～19:00,1月1日～2日,32.30292,130.50803,https://ja.wikipedia.org/wiki/%E9%81%93%E3%81%AE%E9%A7%85%E8%8A%A6%E5%8C%97%E3%81%A7%E3%81%93%E3%81%BD%E3%82%93,540,1140,,,0,https://www.michi-no-eki.jp/stations/views/19872,9:00～19:00,0,1.0,通常の営業時間
通潤橋,熊本県,熊本県山都町城平660,9:00～17:00,年末年始,32.6888034,130.990812,https://ja.wikipedia.org/wiki/%E9%81%93%E3%81%AE%E9%A7%85%E9%80%9A%E6%BD%A4%E6%A9%8B,540,1020,,,0,https://www.michi-no-eki.jp/stations/views/19740,9:00～17:00,0,1.0,営業時間情報のみ。
錦,熊本県,熊本県錦町大字一武1544番地1,9:00～18:00,"毎月第3水曜日、1/1,2 ※12/31は15時まで営業. ※最新情報はコメント欄を参照ください。 くらんど市と販売連携している道の駅子守の里五木さん ...",32.20608,130.84503,https://ja.wikipedia.org/wiki/%E9%81%93%E3%81%AE%E9%A7%85%E9%8C%A6,540,1080,,,1,https://www.michi-no-eki.jp/stations/views/19742,9:00～18:00,0,0.95,通常の営業時間。
阿蘇,熊本県,熊本県阿蘇市黒川1440-1,9:00～18:00,"月曜日, 不定休",32.93647222,131.08094444,https://ja.wikipedia.org/wiki/%E9%81%93%E3%81%AE%E9%A7%85%E9%98%BF%E8%98%87,540,1080,,,0,https://www.michi-no-eki.jp/stations/views/19746,9:00～18:00,0,1.0,None
鹿北,熊本県,熊本県山鹿市鹿北町岩野4186-130,9:00～17:00,第3木曜日（祝日のときは翌週）,33.11356,130.66869,https://ja.wikipedia.org/wiki/%E9%81%93%E3%81%AE%E9%A7%85%E9%B9%BF%E5%8C%97,540,1020,9:00 - 19:00（4月 - 10月） / 9:00 - 18:00（11月 - 3月）,,0,https://www.michi-no-eki.jp/stations/views/19735,9:00～17:00,0,0.95,通常の営業時間。
あさじ,大分県,大分県豊後大野市朝地町板井迫1018-1,道の駅9:00～17:30　テイクアウト10:00～16:00　レストラン喫茶・軽食3月～5月10:30～17:00　6月～9月10:00～17:00（12月30日、1月2日 9:00～16:00）,12月31日～1月1日,33.00258,131.44808,https://ja.wikipedia.org/wiki/%E9%81%93%E3%81%AE%E9%A7%85%E3%81%82%E3%81%95%E3%81%98,540,1050,,,0,https://www.michi-no-eki.jp/stations/views/19758,道の駅9:00～17:30　テイクアウト10:00～16:00　レストラン喫茶・軽食3月～5月10:30～17:00　6月～9月10:00～17:00（12月30日、1月2日 9:00～16:00）,0,0.9,テイクアウト: 10:00～16:00、レストラン喫茶・軽食: 10:30～17:00
いんない,大分県,大分県宇佐市院内町副1381番地2,8:00～17:00,無休 ※年末年始は営業時間を変更する場合あり,33.42378,131.32025,https://ja.wikipedia.org/wiki/%E9%81%93%E3%81%AE%E9%A7%85%E3%81%84%E3%82%93%E3%81%AA%E3%81%84,480,1020,,,1,https://www.michi-no-eki.jp/stations/views/19759,8:00～17:00,0,0.95,Standard daytime hours.  No closure information provided.
おおの (大分県),大分県,大分県豊後大野市大野町田中43番地10,9:00～18:00,年末年始(12/29.30.31.1/1.2.3) ; 駐車場: あり.,33.03622,131.50294,https://ja.wikipedia.org/wiki/%E9%81%93%E3%81%AE%E9%A7%85%E3%81%8A%E3%81%8A%E3%81%AE_(%E5%A4%A7%E5%88%86%E7%9C%8C),540,1080,,,0,https://www.michi-no-eki.jp/stations/views/19770,9:00～18:00,0,1.0,4月の営業時間。
かまえ,大分県,大分県佐伯市蒲江大字蒲江浦5104-1,直売所(9:00～18:00)　レストラン(11：00〜14：30)　テイクアウトコーナーのソフトクリーム(11：00〜16：00),日曜日). © 2018 別府 ...,32.80175,131.92433,https://ja.wikipedia.org/wiki/%E9%81%93%E3%81%AE%E9%A7%85%E3%81%8B%E3%81%BE%E3%81%88,540,1080,,,0,https://www.michi-no-eki.jp/stations/views/19768,直売所(9:00～18:00)　レストラン(11：00〜14：30)　テイクアウトコーナーのソフトクリーム(11：00〜16：00),0,0.0,llm_json_parse_failed
きよかわ,大分県,大分県豊後大野市清川町砂田1574-1,9:00～18:00,は12/31,32.97169,131.51811,https://ja.wikipedia.org/wiki/%E9%81%93%E3%81%AE%E9%A7%85%E3%81%8D%E3%82%88%E3%81%8B%E3%82%8F,540,1080,,,1,https://www.michi-no-eki.jp/stations/views/19763,9:00～18:00,0,1.0,通常営業時間
くにさき,大分県,大分県国東市国東町小原2662-1,8:30～17:00,日曜日). © 2018 別府 ...,33.5455,131.73986,https://ja.wikipedia.org/wiki/%E9%81%93%E3%81%AE%E9%A7%85%E3%81%8F%E3%81%AB%E3%81%95%E3%81%8D,510,1020,,,0,https://www.michi-no-eki.jp/stations/views/19766,8:30～17:00,0,1.0,通常の営業時間。
くにみ,大分県,大分県国東市国見町伊美4256,9:00～18:00（施設により異なる）,【直売所】年末年始　　【レストラン嘉宴】　火曜日,33.68042,131.60575,https://ja.wikipedia.org/wiki/%E9%81%93%E3%81%AE%E9%A7%85%E3%81%8F%E3%81%AB%E3%81%BF,540,1080,,,0,https://www.michi-no-eki.jp/stations/views/19771,9:00～18:00（施設により異なる）,0,0.8,施設により異なる
すごう,大分県,大分県竹田市大字菅生字塚原989-1,8:30～17:30,年末年始 ; エリア: 荻・祖母山麓エリア.,32.95667,131.29408,https://ja.wikipedia.org/wiki/%E9%81%93%E3%81%AE%E9%A7%85%E3%81%99%E3%81%94%E3%81%86,510,1050,,,0,https://www.michi-no-eki.jp/stations/views/19773,8:30～17:30,0,1.0,None
せせらぎ郷かみつえ,大分県,大分県日田市上津江町川原3848-1,9:00～17:00,年末年始.,33.11242,130.96178,https://ja.wikipedia.org/wiki/%E9%81%93%E3%81%AE%E9%A7%85%E3%81%9B%E3%81%9B%E3%82%89%E3%81%8E%E9%83%B7%E3%81%8B%E3%81%BF%E3%81%A4%E3%81%88,540,1020,,,0,https://www.michi-no-eki.jp/stations/views/19760,9:00～17:00,0,1.0,通常の営業時間
たのうらら,大分県,大分県大分市大字神崎字梶原1228番9,|郵便番号= 870-0100,日曜日,33.256,131.55547,https://ja.wikipedia.org/wiki/%E9%81%93%E3%81%AE%E9%A7%85%E3%81%9F%E3%81%AE%E3%81%86%E3%82%89%E3%82%89,,,|郵便番号= 870-0100,weekly:Sun,1,,,,,
なかつ,大分県,大分県中津市大字加来814番地4,|都道府県名=大分県,年中無休,33.55156,131.21375,https://ja.wikipedia.org/wiki/%E9%81%93%E3%81%AE%E9%A7%85%E3%81%AA%E3%81%8B%E3%81%A4,,,|都道府県名=大分県,none,1,,,,,
ながゆ温泉,大分県,大分県竹田市直入町大字長湯8043-1,9:00～18:00,毎月第3水曜（年末年始12/31、1/1） ; エリア: 長湯 ...,33.07164,131.38306,https://ja.wikipedia.org/wiki/%E9%81%93%E3%81%AE%E9%A7%85%E3%81%AA%E3%81%8C%E3%82%86%E6%B8%A9%E6%B3%89,540,1080,,,1,https://www.michi-no-eki.jp/stations/views/19769,9:00～18:00,0,1.0,営業時間情報のみ
のつはる,大分県,大分県大分市大字下原1717-1,オープン当日：午前10時40分～午後6時　　2019.12.1（日）以降：午前9時～午後5時,年中無休（お正月期間12/30～1/3は休業）,33.12681,131.49267,https://ja.wikipedia.org/wiki/%E9%81%93%E3%81%AE%E9%A7%85%E3%81%AE%E3%81%A4%E3%81%AF%E3%82%8B,640,1080,9:00 - 18:00（3 - 11月） / 9:00 - 17:00（12 - 2月）,,0,https://www.michi-no-eki.jp/stations/views/19934,オープン当日：午前10時40分～午後6時　　2019.12.1（日）以降：午前9時～午後5時,0,0.95,4月は10:40～18:00。12月1日以降は9:00～17:00。
みえ,大分県,大分県豊後大野市三重町宮野2791番地1,9:00～18:00 (3月～10月）　9:00～17:00（11月～2月）,12⽉31⽇〜1⽉1⽇・,33.02872,131.62158,https://ja.wikipedia.org/wiki/%E9%81%93%E3%81%AE%E9%A7%85%E3%81%BF%E3%81%88,540,1080,,,1,https://www.michi-no-eki.jp/stations/views/19765,9:00～18:00 (3月～10月）　9:00～17:00（11月～2月）,0,0.95,3月～10月の営業時間。
やまくに,大分県,大分県中津市山国町中摩358番地4,9:00～18:00,年中無休,33.40633,131.0615,https://ja.wikipedia.org/wiki/%E9%81%93%E3%81%AE%E9%A7%85%E3%82%84%E3%81%BE%E3%81%8F%E3%81%AB,540,1080,,,0,https://www.michi-no-eki.jp/stations/views/19756,9:00～18:00,0,1.0,通常の営業時間
やよい,大分県,大分県佐伯市弥生大字上小倉898-1,物産館 9:00～17:30　やよいの湯 10:00～22:00(受付終了21:20) 番匠おさかな館 10:00～17:00(受付終了16:45),第2火曜日,32.96442,131.83869,https://ja.wikipedia.org/wiki/%E9%81%93%E3%81%AE%E9%A7%85%E3%82%84%E3%82%88%E3%81%84,540,1050,,,0,https://www.michi-no-eki.jp/stations/views/19761,物産館 9:00～17:30　やよいの湯 10:00～22:00(受付終了21:20) 番匠おさかな館 10:00～17:00(受付終了16:45),0,0.95,物産館の営業時間
ゆふいん,大分県,大分県由布市湯布院町川北899-76,9:00～18:00,年中無休,33.26064,131.32722,https://ja.wikipedia.org/wiki/%E9%81%93%E3%81%AE%E9%A7%85%E3%82%86%E3%81%B5%E3%81%84%E3%82%93,540,1080,,,0,https://www.michi-no-eki.jp/stations/views/19764,9:00～18:00,0,0.95,通常の営業時間情報。
佐賀関,大分県,大分県大分市大字大平989-6,9:00～18:00,,33.24725,131.82842,https://ja.wikipedia.org/wiki/%E9%81%93%E3%81%AE%E9%A7%85%E4%BD%90%E8%B3%80%E9%96%A2,540,1080,,,1,https://www.michi-no-eki.jp/stations/views/19755,9:00～18:00,0,1.0,標準的な営業時間。
原尻の滝,大分県,大分県豊後大野市緒方町原尻936-1,9:00～18:00,,32.96553,131.45222,https://ja.wikipedia.org/wiki/%E9%81%93%E3%81%AE%E9%A7%85%E5%8E%9F%E5%B0%BB%E3%81%AE%E6%BB%9D,540,1080,9:00 - 18:30（4、5、8月） / 9:00 - 16:30（12 - 2月） / 9:00 - 17:30（その他の月）,,1,https://www.michi-no-eki.jp/stations/views/19752,9:00～18:00,0,1.0,通常の営業時間
宇目,大分県,大分県佐伯市宇目大字南田原2513番地5,9:00～18:00,,32.80364,131.61042,https://ja.wikipedia.org/wiki/%E9%81%93%E3%81%AE%E9%A7%85%E5%AE%87%E7%9B%AE,540,1080,,,1,https://www.michi-no-eki.jp/stations/views/19753,9:00～18:00,0,0.9,通常の営業時間。
慈恩の滝 くす,大分県,大分県玖珠町大字山浦618番地の24,9:00 - 17:00,,33.26594,131.06856,https://ja.wikipedia.org/wiki/%E9%81%93%E3%81%AE%E9%A7%85%E6%85%88%E6%81%A9%E3%81%AE%E6%BB%9D_%E3%81%8F%E3%81%99,540,1020,,,1,,,,,
水辺の郷おおやま,大分県,大分県日田市大山町西大山4106,9:00～18:00,,33.24786,130.97208,https://ja.wikipedia.org/wiki/%E9%81%93%E3%81%AE%E9%A7%85%E6%B0%B4%E8%BE%BA%E3%81%AE%E9%83%B7%E3%81%8A%E3%81%8A%E3%82%84%E3%81%BE,540,1080,9:00 - 17:30（月 - 木） / 9:00 - 19:00（金土日祝）,,1,https://www.michi-no-eki.jp/stations/views/19767,9:00～18:00,0,0.9,通常の営業時間。
童話の里くす,大分県,大分県玖珠町大字帆足2121,9:00 - 19:00,,33.28933,131.157,https://ja.wikipedia.org/wiki/%E9%81%93%E3%81%AE%E9%A7%85%E7%AB%A5%E8%A9%B1%E3%81%AE%E9%87%8C%E3%81%8F%E3%81%99,540,1140,,,1,,,,,
竹田,大分県,大分県竹田市大字米納663-1,8:30～17:30,,32.98556,131.34044,https://ja.wikipedia.org/wiki/%E9%81%93%E3%81%AE%E9%A7%85%E7%AB%B9%E7%94%B0,510,1050,10:00 - 18:00（10 - 6月） / 10:00 - 19:00（7 - 9月）,,1,https://www.michi-no-eki.jp/stations/views/19754,8:30～17:30,0,1.0,None
耶馬トピア,大分県,大分県中津市本耶馬渓町曽木2193-1,9:00～17:00,,33.48981,131.17447,https://ja.wikipedia.org/wiki/%E9%81%93%E3%81%AE%E9%A7%85%E8%80%B6%E9%A6%AC%E3%83%88%E3%83%94%E3%82%A2,540,1020,,,1,https://www.michi-no-eki.jp/stations/views/19757,9:00～17:00,0,1.0,営業時間情報のみ
鯛生金山,大分県,大分県日田市中津江村合瀬3750番地,夏季　9:00～17:00　／　冬季　10:00～16:30　※休館日あり　詳しくは公式ホームページ「 http://taiokinzan.jp/」参照,,33.12917,130.88269,https://ja.wikipedia.org/wiki/%E9%81%93%E3%81%AE%E9%A7%85%E9%AF%9B%E7%94%9F%E9%87%91%E5%B1%B1,540,1020,,あり,1,https://www.michi-no-eki.jp/stations/views/19762,夏季　9:00～17:00　／　冬季　10:00～16:30　※休館日あり　詳しくは公式ホームページ「 http://taiokinzan.jp/」参照,0,0.8,夏季営業時間。詳細は公式ホームページ参照。
えびの,宮崎県,宮崎県えびの市大字永山1006-1,9:00～18:00,,32.04986,130.80564,https://ja.wikipedia.org/wiki/%E9%81%93%E3%81%AE%E9%A7%85%E3%81%88%E3%81%B3%E3%81%AE,540,1080,,,1,https://www.michi-no-eki.jp/stations/views/19790,9:00～18:00,0,1.0,通常の営業時間。
きたごう,宮崎県,宮崎県日南市北郷町郷之原乙1477番地1,物産館 9:00〜18:00、レストラン 11:00〜15:30(Last 15：00),,31.676778,131.37575,https://ja.wikipedia.org/wiki/%E9%81%93%E3%81%AE%E9%A7%85%E3%81%8D%E3%81%9F%E3%81%94%E3%81%86,540,1080,|郵便番号 = 889-2402,,1,https://www.michi-no-eki.jp/stations/views/22061,物産館 9:00〜18:00、レストラン 11:00〜15:30(Last 15：00),0,0.9,物産館の営業時間。レストランは11:00〜15:30 (最終入店15:00)
くしま,宮崎県,宮崎県串間市大字西方5503-1,飲食物産館：9:00～18：00※一部テナントのみ21時まで 情報提供施設（観光案内所）9:00～18:00,,31.46294,131.22917,https://ja.wikipedia.org/wiki/%E9%81%93%E3%81%AE%E9%A7%85%E3%81%8F%E3%81%97%E3%81%BE,540,1080,,,1,https://www.michi-no-eki.jp/stations/views/19961,飲食物産館：9:00～18：00※一部テナントのみ21時まで 情報提供施設（観光案内所）9:00～18:00,0,0.9,飲食物産館の営業時間。一部テナントは21時まで。
つの,宮崎県,宮崎県都農町大字川北5129,10:00～17:00,,32.2603,131.5578,https://ja.wikipedia.org/wiki/%E9%81%93%E3%81%AE%E9%A7%85%E3%81%A4%E3%81%AE,600,1020,8:00 - 18:00（平日） / 8:00 - 18:00（土日祝）,,1,https://www.michi-no-eki.jp/stations/views/19789,10:00～17:00,0,0.9,4月の営業時間。
とうごう,宮崎県,宮崎県日向市東郷町山陰辛244-1,8:30～18:00,,32.39128,131.51353,https://ja.wikipedia.org/wiki/%E9%81%93%E3%81%AE%E9%A7%85%E3%81%A8%E3%81%86%E3%81%94%E3%81%86,510,1080,8:30 - 18:00 / 8:00 - 18:00（夏季）,,1,https://www.michi-no-eki.jp/stations/views/19782,8:30～18:00,0,1.0,4月の営業時間は8:30～18:00。
なんごう (宮崎県),宮崎県,宮崎県日南市南郷町贄波3220-24,8:30～17:00,,31.50311,131.37922,https://ja.wikipedia.org/wiki/%E9%81%93%E3%81%AE%E9%A7%85%E3%81%AA%E3%82%93%E3%81%94%E3%81%86_(%E5%AE%AE%E5%B4%8E%E7%9C%8C),510,1020,8:30 - 18:00（4月 - 9月） / 8:30 - 17:00（10月 - 3月）,,1,https://www.michi-no-eki.jp/stations/views/19785,8:30～17:00,0,0.95,4月の営業時間。
ゆ〜ぱるのじり,宮崎県,宮崎県小林市野尻町三ヶ野山4347-1,8:00 - 21:00,,31.96433,131.08217,https://ja.wikipedia.org/wiki/%E9%81%93%E3%81%AE%E9%A7%85%E3%82%86%E3%80%9C%E3%81%B1%E3%82%8B%E3%81%AE%E3%81%98%E3%82%8A,480,1260,,,1,,,,,
フェニックス,宮崎県,宮崎県宮崎市大字内海字三池381-1,8:30～18:00,,31.76894,131.47847,https://ja.wikipedia.org/wiki/%E9%81%93%E3%81%AE%E9%A7%85%E3%83%95%E3%82%A7%E3%83%8B%E3%83%83%E3%82%AF%E3%82%B9,510,1080,,,1,https://www.michi-no-eki.jp/stations/views/19788,8:30～18:00,0,0.95,営業時間のみ記載
北川はゆま,宮崎県,宮崎県延岡市北川町長井5751-1,8:30～18:00,,32.66606,131.70458,https://ja.wikipedia.org/wiki/%E9%81%93%E3%81%AE%E9%A7%85%E5%8C%97%E5%B7%9D%E3%81%AF%E3%82%86%E3%81%BE,510,1080,8:30 - 18:00（平日） / 8:30 - 20:00（土・日）,,1,https://www.michi-no-eki.jp/stations/views/19776,8:30～18:00,0,1.0,通常の営業時間。
北方よっちみろ屋,宮崎県,宮崎県延岡市北方町早日渡巳175番地1,8:00～18:30（施設により異なる）,,32.59547,131.49197,https://ja.wikipedia.org/wiki/%E9%81%93%E3%81%AE%E9%A7%85%E5%8C%97%E6%96%B9%E3%82%88%E3%81%A3%E3%81%A1%E3%81%BF%E3%82%8D%E5%B1%8B,480,1110,|都道府県名=宮崎県,,1,https://www.michi-no-eki.jp/stations/views/19791,8:00～18:30（施設により異なる）,0,0.8,施設により異なる
北浦,宮崎県,宮崎県延岡市北浦町古江3337-1,9:00～18:00,,32.68486,131.80064,https://ja.wikipedia.org/wiki/%E9%81%93%E3%81%AE%E9%A7%85%E5%8C%97%E6%B5%A6,540,1080,,,1,https://www.michi-no-eki.jp/stations/views/19779,9:00～18:00,0,1.0,通常の営業時間
山之口,宮崎県,宮崎県都城市山之口町山之口2304-6,9:00～18:00,,31.79444,131.20267,https://ja.wikipedia.org/wiki/%E9%81%93%E3%81%AE%E9%A7%85%E5%B1%B1%E4%B9%8B%E5%8F%A3,540,1080,9:00 - 19:00（3月 - 10月） / 9:00 - 18:00（11月 - 2月）,,1,https://www.michi-no-eki.jp/stations/views/19778,9:00～18:00,0,0.9,4月の営業時間情報
日向,宮崎県,宮崎県日向市大字幸脇241番地7,9:00～18:00,,32.34331,131.62414,https://ja.wikipedia.org/wiki/%E9%81%93%E3%81%AE%E9%A7%85%E6%97%A5%E5%90%91,540,1080,9:00 - 18:00 / 9:00 - 19:00（夏期）,,1,https://www.michi-no-eki.jp/stations/views/19786,9:00～18:00,0,1.0,None
田野,宮崎県,宮崎県宮崎市田野町甲7885-164,2025年3月23日物販施設閉店しました,,31.79625,131.30789,https://ja.wikipedia.org/wiki/%E9%81%93%E3%81%AE%E9%A7%85%E7%94%B0%E9%87%8E,,,,2025年3月23日まで物販施設は閉店,1,https://www.michi-no-eki.jp/stations/views/19780,2025年3月23日物販施設閉店しました,0,0.7,物販施設の閉店情報のみ。
都城NiQLL,宮崎県,宮崎県都城市都北町5225-1,9:00～19:00,,31.76878,131.09528,https://ja.wikipedia.org/wiki/%E9%81%93%E3%81%AE%E9%A7%85%E9%83%BD%E5%9F%8ENiQLL,540,1140,,,1,https://www.michi-no-eki.jp/stations/views/19783,9:00～19:00,0,0.95,一般的な営業時間
酒谷,宮崎県,宮崎県日南市大字酒谷甲1840番地4,8:30～17:00,,31.64181,131.26611,https://ja.wikipedia.org/wiki/%E9%81%93%E3%81%AE%E9%A7%85%E9%85%92%E8%B0%B7,510,1020,8:30 - 18:00（4月 - 9月） / 8:30 - 17:00（10月 - 3月）,,1,https://www.michi-no-eki.jp/stations/views/19781,8:30～17:00,0,0.9,4月の営業時間。
青雲橋,宮崎県,宮崎県日之影町大字七折8705-12,物産販売所8:30～18:00　レストラン10:00～16:00,,32.66061,131.38853,https://ja.wikipedia.org/wiki/%E9%81%93%E3%81%AE%E9%A7%85%E9%9D%92%E9%9B%B2%E6%A9%8B,510,1080,8:00 - 18:30（平日） / 8:00 - 19:00（土日祝）,,1,https://www.michi-no-eki.jp/stations/views/19777,物産販売所8:30～18:00　レストラン10:00～16:00,0,0.95,物産販売所の営業時間。
高千穂,宮崎県,宮崎県高千穂町大字三田井1296-5,9:30～17:00,,32.70842,131.30039,https://ja.wikipedia.org/wiki/%E9%81%93%E3%81%AE%E9%A7%85%E9%AB%98%E5%8D%83%E7%A9%82,570,1020,9:30 - 19:00（3月 - 11月） / 9:30 - 18:00（12月 - 2月）,,1,https://www.michi-no-eki.jp/stations/views/19787,9:30～17:00,0,0.95,通常の営業時間
高岡,宮崎県,宮崎県宮崎市高岡町花見304-5,9:00～18:00,,31.94583,131.34061,https://ja.wikipedia.org/wiki/%E9%81%93%E3%81%AE%E9%A7%85%E9%AB%98%E5%B2%A1,540,1080,,,1,https://www.michi-no-eki.jp/stations/views/19775,9:00～18:00,0,1.0,通常の営業時間
いぶすき,鹿児島県,鹿児島県指宿市小牧52番地4,9:00～17:30,,31.30225,130.59006,https://ja.wikipedia.org/wiki/%E9%81%93%E3%81%AE%E9%A7%85%E3%81%84%E3%81%B6%E3%81%99%E3%81%8D,540,1050,8:30 - 18:30（4月 - 9月） / 8:30 - 18:00（10月 - 3月）,,1,https://www.michi-no-eki.jp/stations/views/19806,9:00～17:30,0,0.95,通常の営業時間。
おおすみ弥五郎伝説の里,鹿児島県,鹿児島県曽於市大隅町岩川6134番地1,9:00～18:00,,31.59047,130.9905,https://ja.wikipedia.org/wiki/%E9%81%93%E3%81%AE%E9%A7%85%E3%81%8A%E3%81%8A%E3%81%99%E3%81%BF%E5%BC%A5%E4%BA%94%E9%83%8E%E4%BC%9D%E8%AA%AC%E3%81%AE%E9%87%8C,540,1080,,,1,https://www.michi-no-eki.jp/stations/views/19804,9:00～18:00,0,1.0,標準営業時間
きんぽう木花館,鹿児島県,鹿児島県南さつま市金峰町池辺1383番地,9:00～18:00,,31.46575,130.34553,https://ja.wikipedia.org/wiki/%E9%81%93%E3%81%AE%E9%A7%85%E3%81%8D%E3%82%93%E3%81%BD%E3%81%86%E6%9C%A8%E8%8A%B1%E9%A4%A8,540,1080,,,1,https://www.michi-no-eki.jp/stations/views/19803,9:00～18:00,0,1.0,通常の営業時間
くにの松原おおさき,鹿児島県,鹿児島県大崎町大字神領2419,9:00～18:00,,31.43772,131.03078,https://ja.wikipedia.org/wiki/%E9%81%93%E3%81%AE%E9%A7%85%E3%81%8F%E3%81%AB%E3%81%AE%E6%9D%BE%E5%8E%9F%E3%81%8A%E3%81%8A%E3%81%95%E3%81%8D,540,1080,,,1,https://www.michi-no-eki.jp/stations/views/19798,9:00～18:00,0,0.95,4月の営業時間情報
すえよし,鹿児島県,鹿児島県曽於市末吉町深川11051番地1,9:00～18:00,,31.68828,130.97025,https://ja.wikipedia.org/wiki/%E9%81%93%E3%81%AE%E9%A7%85%E3%81%99%E3%81%88%E3%82%88%E3%81%97,540,1080,,,1,https://www.michi-no-eki.jp/stations/views/19808,9:00～18:00,0,0.9,通常の営業時間。
たからべ,鹿児島県,鹿児島県曽於市財部町南俣17番地1,9:00～18:00,,31.72869,130.99878,https://ja.wikipedia.org/wiki/%E9%81%93%E3%81%AE%E9%A7%85%E3%81%9F%E3%81%8B%E3%82%89%E3%81%B9,540,1080,9:30 - 19:00（4月 - 10月） / 9:30 - 18:00（11月 - 3月）,,1,https://www.michi-no-eki.jp/stations/views/19805,9:00～18:00,0,0.9,4月の営業時間は9:00～18:00。
たるみず,鹿児島県,鹿児島県垂水市牛根麓1038-1,物産 9：00～19：00 　レストラン11：00～14：30LO 　温泉13：00～19：30最終入泉,,31.55881,130.74464,https://ja.wikipedia.org/wiki/%E9%81%93%E3%81%AE%E9%A7%85%E3%81%9F%E3%82%8B%E3%81%BF%E3%81%9A,540,1140,,,1,https://www.michi-no-eki.jp/stations/views/19807,物産 9：00～19：00 　レストラン11：00～14：30LO 　温泉13：00～19：30最終入泉,0,0.9,物産店営業時間。レストランは11:00～14:30LO。温泉は13:00～19:30最終入泉
たるみずはまびら,鹿児島県,鹿児島県垂水市浜平2036-6,|都道府県名 = 鹿児島県,,31.46903,130.69928,https://ja.wikipedia.org/wiki/%E9%81%93%E3%81%AE%E9%A7%85%E3%81%9F%E3%82%8B%E3%81%BF%E3%81%9A%E3%81%AF%E3%81%BE%E3%81%B3%E3%82%89,,,|都道府県名 = 鹿児島県,,1,,,,,
とくのしま,鹿児島県,鹿児島県大島郡徳之島町花徳2206番地,9:00～18:00,,,,https://ja.wikipedia.org/wiki/%E9%81%93%E3%81%AE%E9%A7%85%E3%81%A8%E3%81%8F%E3%81%AE%E3%81%97%E3%81%BE,540,1080,|郵便番号 = 891-7425,,1,https://www.michi-no-eki.jp/stations/views/22373,9:00～18:00,0,1.0,通常の営業時間
喜入,鹿児島県,鹿児島県鹿児島市喜入町6094番地1,10:00～21:00,,31.37886,130.54522,https://ja.wikipedia.org/wiki/%E9%81%93%E3%81%AE%E9%A7%85%E5%96%9C%E5%85%A5,600,1260,,,1,https://www.michi-no-eki.jp/stations/views/19792,10:00～21:00,0,0.95,通常の営業時間
奄美大島住用,鹿児島県,鹿児島県奄美市住用町石原478,9:30～18:00,,28.25947,129.40869,https://ja.wikipedia.org/wiki/%E9%81%93%E3%81%AE%E9%A7%85%E5%A5%84%E7%BE%8E%E5%A4%A7%E5%B3%B6%E4%BD%8F%E7%94%A8,570,1080,,,1,https://www.michi-no-eki.jp/stations/views/19801,9:30～18:00,0,1.0,通常の営業時間
山川港活お海道,鹿児島県,鹿児島県指宿市山川金生町1番地10,8:30～17:30,,31.203,130.63492,https://ja.wikipedia.org/wiki/%E9%81%93%E3%81%AE%E9%A7%85%E5%B1%B1%E5%B7%9D%E6%B8%AF%E6%B4%BB%E3%81%8A%E6%B5%B7%E9%81%93,510,1050,,,1,https://www.michi-no-eki.jp/stations/views/19810,8:30～17:30,0,1.0,None
川辺やすらぎの郷,鹿児島県,鹿児島県南九州市川辺町清水6910番地,8:00～19:00,,31.41278,130.43292,https://ja.wikipedia.org/wiki/%E9%81%93%E3%81%AE%E9%A7%85%E5%B7%9D%E8%BE%BA%E3%82%84%E3%81%99%E3%82%89%E3%81%8E%E3%81%AE%E9%83%B7,480,1140,,,1,https://www.michi-no-eki.jp/stations/views/19800,8:00～19:00,0,0.9,通常の営業時間。
松山,鹿児島県,鹿児島県志布志市松山町新橋1526-1,9:00～18:00,,31.58161,131.04253,https://ja.wikipedia.org/wiki/%E9%81%93%E3%81%AE%E9%A7%85%E6%9D%BE%E5%B1%B1,540,1080,,,1,https://www.michi-no-eki.jp/stations/views/19795,9:00～18:00,0,1.0,4月の営業時間として解釈
根占,鹿児島県,鹿児島県南大隅町根占山本6868,9:00～18:00,,31.1855,130.76744,https://ja.wikipedia.org/wiki/%E9%81%93%E3%81%AE%E9%A7%85%E6%A0%B9%E5%8D%A0,540,1080,,,1,https://www.michi-no-eki.jp/stations/views/19799,9:00～18:00,0,1.0,通常の営業時間
桜島,鹿児島県,鹿児島県鹿児島市桜島横山町1722番地48号,9:00～18:00,,31.58933,130.59886,https://ja.wikipedia.org/wiki/%E9%81%93%E3%81%AE%E9%A7%85%E6%A1%9C%E5%B3%B6,540,1080,9:00 - 19:00（4月 - 9月） / 9:00 - 18:00（10月 - 3月）,,1,https://www.michi-no-eki.jp/stations/views/19802,9:00～18:00,0,1.0,通常の営業時間
樋脇,鹿児島県,鹿児島県薩摩川内市樋脇町市比野156,9:00～18:00,,31.79644,130.40733,https://ja.wikipedia.org/wiki/%E9%81%93%E3%81%AE%E9%A7%85%E6%A8%8B%E8%84%87,540,1080,8:30 - 18:30（4月 - 9月） / 9:00 - 18:00（10月 - 3月）,,1,https://www.michi-no-eki.jp/stations/views/19794,9:00～18:00,0,0.9,通常の営業時間。
野方あらさの,鹿児島県,鹿児島県大崎町野方2810番地7,9:00～18:00,,31.50014,130.92408,https://ja.wikipedia.org/wiki/%E9%81%93%E3%81%AE%E9%A7%85%E9%87%8E%E6%96%B9%E3%81%82%E3%82%89%E3%81%95%E3%81%AE,540,1080,24時間営業,,1,https://www.michi-no-eki.jp/stations/views/19812,9:00～18:00,0,0.95,一般的な営業時間。
錦江にしきの里,鹿児島県,鹿児島県,8:30～18:00,,,,https://ja.wikipedia.org/wiki/%E9%81%93%E3%81%AE%E9%A7%85%E9%8C%A6%E6%B1%9F%E3%81%AB%E3%81%97%E3%81%8D%E3%81%AE%E9%87%8C,510,1080,,,1,https://www.michi-no-eki.jp/stations/views/19811,8:30～18:00,0,0.9,一般的な営業時間。
長島,鹿児島県,鹿児島県長島町指江1576番地1号,8:30～18:00,,32.16172,130.10928,https://ja.wikipedia.org/wiki/%E9%81%93%E3%81%AE%E9%A7%85%E9%95%B7%E5%B3%B6,510,1080,8:30 - 18:30（4月 - 9月） / 9:00 - 18:00（10月 - 3月）,,1,https://www.michi-no-eki.jp/stations/views/19797,8:30～18:00,0,1.0,None
阿久根,鹿児島県,鹿児島県阿久根市大川4816-6,9:30～18:00　レストラン11：00～14：00,,31.94589,130.2165,https://ja.wikipedia.org/wiki/%E9%81%93%E3%81%AE%E9%A7%85%E9%98%BF%E4%B9%85%E6%A0%B9,570,1080,9:30 - 19:00（4月 - 10月） / 9:30 - 18:00（11月 - 3月）,,1,https://www.michi-no-eki.jp/stations/views/19796,9:30～18:00　レストラン11：00～14：00,0,0.9,レストランは11:00～14:00
霧島,鹿児島県,鹿児島県霧島市霧島田口2583-22,9:00～17:15,,31.86325,130.85136,https://ja.wikipedia.org/wiki/%E9%81%93%E3%81%AE%E9%A7%85%E9%9C%A7%E5%B3%B6,540,1035,,,1,https://www.michi-no-eki.jp/stations/views/19793,9:00～17:15,0,0.95,4月の通常の営業時間を解釈
黒之瀬戸だんだん市場,鹿児島県,鹿児島県長島町山門野4093,9:00～18:00,,32.10828,130.17092,https://ja.wikipedia.org/wiki/%E9%81%93%E3%81%AE%E9%A7%85%E9%BB%92%E4%B9%8B%E7%80%AC%E6%88%B8%E3%81%A0%E3%82%93%E3%81%A0%E3%82%93%E5%B8%82%E5%A0%B4,540,1080,,,1,https://www.michi-no-eki.jp/stations/views/19809,9:00～18:00,0,0.9,通常の営業時間
いとまん,沖縄県,沖縄県糸満市西崎町4丁目19番地の1,9:00 ～18:00,,26.13847,127.66125,https://ja.wikipedia.org/wiki/%E9%81%93%E3%81%AE%E9%A7%85%E3%81%84%E3%81%A8%E3%81%BE%E3%82%93,540,1080,,,1,https://www.michi-no-eki.jp/stations/views/19819,9:00 ～18:00,0,1.0,None
おおぎみ,沖縄県,沖縄県大宜味村津波95番地,【直売所】10:00～19:00　　　　　　　　　【レストラン】11:00～19:00（Lo.18:30）　【パーラー】10:00～17:00　　　　　　　【観光案内所】9:00～17:00,,26.660792,128.102478,https://ja.wikipedia.org/wiki/%E9%81%93%E3%81%AE%E9%A7%85%E3%81%8A%E3%81%8A%E3%81%8E%E3%81%BF,600,1140,,,1,https://www.michi-no-eki.jp/stations/views/19814,【直売所】10:00～19:00　　　　　　　　　【レストラン】11:00～19:00（Lo.18:30）　【パーラー】10:00～17:00　　　　　　　【観光案内所】9:00～17:00,0,0.9,直売所営業時間
かでな,沖縄県,沖縄県嘉手納町屋良1026番地3,8:30～20:00,,26.36806,127.77411,https://ja.wikipedia.org/wiki/%E9%81%93%E3%81%AE%E9%A7%85%E3%81%8B%E3%81%A7%E3%81%AA,510,1200,,,1,https://www.michi-no-eki.jp/stations/views/19816,8:30～20:00,0,1.0,None
ぎのざ,沖縄県,沖縄県宜野座村字漢那1633番地,9:30～18:00（特産品直売所） 9:15～18:00（観光情報センター）10:00〜（各テナント）,,26.47369,127.95203,https://ja.wikipedia.org/wiki/%E9%81%93%E3%81%AE%E9%A7%85%E3%81%8E%E3%81%AE%E3%81%96,570,1080,,,1,https://www.michi-no-eki.jp/stations/views/19820,9:30～18:00（特産品直売所） 9:15～18:00（観光情報センター）10:00〜（各テナント）,0,0.8,特産品直売所の営業時間。観光情報センターは09:15～18:00、テナントは10:00～。
やんばるパイナップルの丘 安波,沖縄県,沖縄県国頭村字安波1089番7,|郵便番号 = 905-1504,,26.7045786,128.28038225,https://ja.wikipedia.org/wiki/%E9%81%93%E3%81%AE%E9%A7%85%E3%82%84%E3%82%93%E3%81%B0%E3%82%8B%E3%83%91%E3%82%A4%E3%83%8A%E3%83%83%E3%83%97%E3%83%AB%E3%81%AE%E4%B8%98_%E5%AE%89%E6%B3%A2,,,|郵便番号 = 905-1504,,1,,,,,
ゆいゆい国頭,沖縄県,沖縄県国頭村字奥間1605番地,9:00～18:00,,26.73197,128.16933,https://ja.wikipedia.org/wiki/%E9%81%93%E3%81%AE%E9%A7%85%E3%82%86%E3%81%84%E3%82%86%E3%81%84%E5%9B%BD%E9%A0%AD,540,1080,,,1,https://www.michi-no-eki.jp/stations/views/19815,9:00～18:00,0,1.0,営業時間情報のみ記載
サンライズひがし,沖縄県,沖縄県東村字平良550番地23,9:00～18:00,,26.63094,128.15353,https://ja.wikipedia.org/wiki/%E9%81%93%E3%81%AE%E9%A7%85%E3%82%B5%E3%83%B3%E3%83%A9%E3%82%A4%E3%82%BA%E3%81%B2%E3%81%8C%E3%81%97,540,1080,9:00 - 18:00（直売所） / 11:00 - 17:00（レストラン）,,1,https://www.michi-no-eki.jp/stations/views/19954,9:00～18:00,0,1.0,通常の営業時間
喜名番所,沖縄県,沖縄県読谷村字喜名1番地2,9:00 ～18:00,,26.39933,127.75822,https://ja.wikipedia.org/wiki/%E9%81%93%E3%81%AE%E9%A7%85%E5%96%9C%E5%90%8D%E7%95%AA%E6%89%80,540,1080,,,1,https://www.michi-no-eki.jp/stations/views/19817,9:00 ～18:00,0,1.0,通常の営業時間。
許田,沖縄県,沖縄県名護市字許田17番地の1,8:30～19:00,,26.55206,127.96925,https://ja.wikipedia.org/wiki/%E9%81%93%E3%81%AE%E9%A7%85%E8%A8%B1%E7%94%B0,510,1140,,,1,https://www.michi-no-eki.jp/stations/views/19813,8:30～19:00,0,0.95,記載された情報のみ
豊崎,沖縄県,沖縄県豊見城市字豊崎3番地の39,9:00 ～18:00,,26.15767,127.65525,https://ja.wikipedia.org/wiki/%E9%81%93%E3%81%AE%E9%A7%85%E8%B1%8A%E5%B4%8E,540,1080,,,1,https://www.michi-no-eki.jp/stations/views/19818,9:00 ～18:00,0,0.9,通常の営業時間
